mcode,
SIJSI-UG,
MMB,
LEndRhiz,
IEDUS,
FUDUS,
GImpB,
LXRAY,
CESI,
TXRAY,
LAXRAY,
UTOX,
RAXRAY,
REXRAY,
ReyosPOp,
LSCS,
RKIAHI,
LKPABI,
RKPABI,
INB,
LKIAHI,
GNTPI-L,
GNTPI-R,
3-Pack,
RKGRFA,
LKGRFA,
LE-EMG,
LESI,
LTFESI,
PSI,
SIJLBB,
LMBB#1,
LMBB#2,
LRFA,
AMA,
LSUSD,
LSAS,
UTox-Positve,
SILBRhiz,
LD,
LKAS,
4-Pack,
RATPI,
LSTPI,
RSTPI,
LEXRAY,
LKXRAY,
RKXRAY,
RSXRAY,
RWXRAY,
LWXRAY,
RWDQ,
TRFA,
RASSI,
LWDQ,
TMBB2,
RSRFA,
LSRFA,
LASSI,
TNB,
TESI,
5-Pack,
LATPI,
LhipTBSI,
RhipTBSI,
RHipIA,
LhipIA,
RhipArth,
LhipArth,
ILNB,
TPDA,
LSB,
ILNRFA,
LhipXRAY,
NSS,
SNB,
RhipXRAY,
BhipXRAY,
SNRFA,
LSXRAY,
TORINJ,
RFTPI,
RKTPI,
LKTPI,
ACJIL,
ACJIR,
RSUSD,
FootSI,
SONBUG,
TMBB,
ThighTPI,
RKAG,
LKAG,
TDG,
SCAPTPI,
TRFA-L,
LD-LPDA,
RSAS,
TEndRhiz,
ReyosIH,
LEndDis,
RKAS,
LESI#2,
LEndMicrDis,
